<application>
  <component name="FileTypeManager" version="17">
    <extensionMap>
      <mapping pattern="trdPasswdUpdate" type="JSPX" />
      <mapping pattern="randomDesign" type="PLAIN_TEXT" />
      <mapping pattern="inputValidation" type="PLAIN_TEXT" />
      <mapping pattern="mineDesign" type="PLAIN_TEXT" />
      <mapping pattern="ClassB" type="PLAIN_TEXT" />
      <mapping pattern="FileB" type="PLAIN_TEXT" />
      <mapping pattern="popupDesign" type="PLAIN_TEXT" />
      <removed_mapping ext="cmd" approved="true" type="PLAIN_TEXT" />
      <removed_mapping ext="log" approved="true" type="PLAIN_TEXT" />
      <removed_mapping ext="bat" approved="true" type="PLAIN_TEXT" />
      <removed_mapping ext="bat" approved="true" type="PLAIN_TEXT" />
      <removed_mapping ext="log" approved="true" type="PLAIN_TEXT" />
      <removed_mapping ext="dockerfile" approved="true" type="textmate" />
      <removed_mapping ext="makefile" approved="true" type="textmate" />
      <removed_mapping ext="cmd" approved="true" type="PLAIN_TEXT" />
      <removed_mapping ext="snakefile" approved="true" type="textmate" />
    </extensionMap>
  </component>
</application>